 ,Production (W)
2026-08-12 00:00,0
2026-08-12 00:20,0
2026-08-12 00:40,0
2026-08-12 01:00,0
2026-08-12 01:20,0
2026-08-12 01:40,0
2026-08-12 02:00,0
2026-08-12 02:20,0
2026-08-12 02:40,0
2026-08-12 03:00,0
2026-08-12 03:20,0
2026-08-12 03:40,0
2026-08-12 04:00,0
2026-08-12 04:20,0
2026-08-12 04:40,0
2026-08-12 05:00,0
2026-08-12 05:20,0
2026-08-12 05:40,2.1
2026-08-12 05:45,3.1
2026-08-12 05:50,4.5
2026-08-12 05:55,6.4
2026-08-12 06:00,8.8
2026-08-12 06:05,10.6
2026-08-12 06:10,12.7
2026-08-12 06:15,14.6
2026-08-12 06:20,18.1
2026-08-12 06:25,37.4
2026-08-12 06:30,57
2026-08-12 06:35,64.9
2026-08-12 06:40,72.2
2026-08-12 06:45,77.8
2026-08-12 06:50,85.2
2026-08-12 06:55,92.2
2026-08-12 07:00,99.6
2026-08-12 07:05,106
2026-08-12 07:10,111.8
2026-08-12 07:15,117
2026-08-12 07:20,122.3
2026-08-12 07:25,128.1
2026-08-12 07:30,134
2026-08-12 07:35,139.9
2026-08-12 07:40,144.5
2026-08-12 07:45,149.6
2026-08-12 07:50,154.6
2026-08-12 07:55,159.5
2026-08-12 08:00,164.8
2026-08-12 08:05,170.2
2026-08-12 08:10,176.7
2026-08-12 08:15,183.3
2026-08-12 08:20,189
2026-08-12 08:25,195.7
2026-08-12 08:30,201.6
2026-08-12 08:35,207.4
2026-08-12 08:40,213.3
2026-08-12 08:45,219.7
2026-08-12 08:50,226.2
2026-08-12 08:55,232.7
2026-08-12 09:00,239.5
2026-08-12 09:05,246.9
2026-08-12 09:10,254.3
2026-08-12 09:15,261.8
2026-08-12 09:20,269.2
2026-08-12 09:25,277.1
2026-08-12 09:30,285
2026-08-12 09:35,292.3
2026-08-12 09:40,299.9
2026-08-12 09:45,306.7
2026-08-12 09:50,314.7
2026-08-12 09:55,321.4
2026-08-12 10:00,332
2026-08-12 10:05,337.5
2026-08-12 10:10,345.1
2026-08-12 10:15,364.5
2026-08-12 10:20,370.8
2026-08-12 10:25,378.1
2026-08-12 10:30,402.6
2026-08-12 10:35,401.2
2026-08-12 10:40,396.3
2026-08-12 10:45,391.5
2026-08-12 10:50,352.7
2026-08-12 10:55,210.5
2026-08-12 11:00,227.1
2026-08-12 11:05,412.8
2026-08-12 11:10,411.7
2026-08-12 11:15,416.6
2026-08-12 11:20,421.2
2026-08-12 11:25,422.4
2026-08-12 11:30,424.8
2026-08-12 11:35,429.2
2026-08-12 11:40,437.3
2026-08-12 11:45,441.8
2026-08-12 11:50,444.5
2026-08-12 11:55,448.2
2026-08-12 12:00,453.7
2026-08-12 12:05,454.9
2026-08-12 12:10,462.8
2026-08-12 12:15,465.6
2026-08-12 12:20,465.9
2026-08-12 12:25,469.2
2026-08-12 12:30,464.5
2026-08-12 12:35,461.1
2026-08-12 12:40,468.3
2026-08-12 12:45,460.7
2026-08-12 12:50,472
2026-08-12 12:55,470.8
2026-08-12 13:00,473.2
2026-08-12 13:05,475.6
2026-08-12 13:10,475.7
2026-08-12 13:15,460.5
2026-08-12 13:20,461.5
2026-08-12 13:25,475.4
2026-08-12 13:30,477.8
2026-08-12 13:35,478.2
2026-08-12 13:40,472.7
2026-08-12 13:45,471.4
2026-08-12 13:50,475
2026-08-12 13:55,471.5
2026-08-12 14:00,468
2026-08-12 14:05,466.5
2026-08-12 14:10,467.3
2026-08-12 14:15,463.7
2026-08-12 14:20,459.6
2026-08-12 14:25,453.4
2026-08-12 14:30,451.9
2026-08-12 14:35,451.1
2026-08-12 14:40,443.3
2026-08-12 14:45,443
2026-08-12 14:50,439.8
2026-08-12 14:55,436
2026-08-12 15:00,434
2026-08-12 15:05,427.2
2026-08-12 15:10,426.3
2026-08-12 15:15,420.7
2026-08-12 15:20,413.4
2026-08-12 15:25,410.2
2026-08-12 15:30,403.7
2026-08-12 15:35,401.4
2026-08-12 15:40,397.1
2026-08-12 15:45,382.9
2026-08-12 15:50,347
2026-08-12 15:55,365.9
2026-08-12 16:00,373
2026-08-12 16:05,369.6
2026-08-12 16:10,357.4
2026-08-12 16:15,355.9
2026-08-12 16:20,331.3
2026-08-12 16:25,345.2
2026-08-12 16:30,338.7
2026-08-12 16:35,328.3
2026-08-12 16:40,326.9
2026-08-12 16:45,298.4
2026-08-12 16:50,300.1
2026-08-12 16:55,295.1
2026-08-12 17:00,297.9
2026-08-12 17:05,262.2
2026-08-12 17:10,281
2026-08-12 17:15,275.7
2026-08-12 17:20,260.6
2026-08-12 17:25,248.7
2026-08-12 17:30,243.5
2026-08-12 17:35,229
2026-08-12 17:40,230
2026-08-12 17:45,229.8
2026-08-12 17:50,214.2
2026-08-12 17:55,207.6
2026-08-12 18:00,194
2026-08-12 18:05,190.5
2026-08-12 18:10,188.7
2026-08-12 18:15,185.3
2026-08-12 18:20,174.4
2026-08-12 18:25,175
2026-08-12 18:30,167.4
2026-08-12 18:35,160.5
2026-08-12 18:40,152.4
2026-08-12 18:45,140.8
2026-08-12 18:50,124.3
2026-08-12 18:55,135.3
2026-08-12 19:00,125.7
2026-08-12 19:05,117.3
2026-08-12 19:10,114.6
2026-08-12 19:15,99.3
2026-08-12 19:20,90.2
2026-08-12 19:25,80.5
2026-08-12 19:30,66.5
2026-08-12 19:35,56.1
2026-08-12 19:40,42.1
2026-08-12 19:45,29.8
2026-08-12 19:50,19.1
2026-08-12 19:55,11
2026-08-12 20:00,6
2026-08-12 20:05,4.6
2026-08-12 20:10,5.7
2026-08-12 20:15,7.3
2026-08-12 20:20,7.2
2026-08-12 20:25,4
2026-08-12 20:30,3.5
2026-08-12 20:35,2.8
2026-08-12 20:55,0
2026-08-12 21:15,0
2026-08-12 21:35,0
2026-08-12 21:55,0
2026-08-12 22:15,0
2026-08-12 22:35,0
2026-08-12 22:55,0
2026-08-12 23:15,0
2026-08-12 23:35,0
2026-08-12 23:55,0